carrier,2030,2040,2050,hist,units
AC,320.98007925292114,392.1949694518172,503.89194284993346,270.8473665726142,GW_e
DC,79.18379195043914,154.78749072326062,209.77839940443087,20.491,GW_e
